-- phpMyAdmin SQL Dump
-- version 5.1.3
-- https://www.phpmyadmin.net/
--
-- Host: localhost
-- Generation Time: Apr 21, 2022 at 05:22 AM
-- Server version: 8.0.28
-- PHP Version: 7.4.29

SET SQL_MODE = "NO_AUTO_VALUE_ON_ZERO";
START TRANSACTION;
SET time_zone = "+00:00";


/*!40101 SET @OLD_CHARACTER_SET_CLIENT=@@CHARACTER_SET_CLIENT */;
/*!40101 SET @OLD_CHARACTER_SET_RESULTS=@@CHARACTER_SET_RESULTS */;
/*!40101 SET @OLD_COLLATION_CONNECTION=@@COLLATION_CONNECTION */;
/*!40101 SET NAMES utf8mb4 */;

--
-- Database: `bertjorak`
--

-- --------------------------------------------------------

--
-- Table structure for table `alamats`
--

CREATE TABLE `alamats` (
  `id` bigint UNSIGNED NOT NULL,
  `id_user` bigint UNSIGNED NOT NULL,
  `type_address` varchar(25) COLLATE utf8mb4_unicode_ci NOT NULL,
  `id_province` bigint UNSIGNED NOT NULL,
  `city_id` bigint UNSIGNED NOT NULL,
  `detail_address` varchar(255) COLLATE utf8mb4_unicode_ci DEFAULT NULL,
  `zipcode` varchar(255) COLLATE utf8mb4_unicode_ci NOT NULL,
  `created_at` timestamp NULL DEFAULT NULL,
  `updated_at` timestamp NULL DEFAULT NULL
) ENGINE=InnoDB DEFAULT CHARSET=utf8mb4 COLLATE=utf8mb4_unicode_ci;

-- --------------------------------------------------------

--
-- Table structure for table `carts`
--

CREATE TABLE `carts` (
  `id` int UNSIGNED NOT NULL,
  `id_user` bigint UNSIGNED NOT NULL,
  `id_product` bigint UNSIGNED NOT NULL,
  `jumlah` int NOT NULL,
  `sizeSelected` varchar(255) COLLATE utf8mb4_unicode_ci NOT NULL,
  `note` mediumtext COLLATE utf8mb4_unicode_ci,
  `created_at` timestamp NULL DEFAULT NULL,
  `updated_at` timestamp NULL DEFAULT NULL
) ENGINE=InnoDB DEFAULT CHARSET=utf8mb4 COLLATE=utf8mb4_unicode_ci;

--
-- Dumping data for table `carts`
--

INSERT INTO `carts` (`id`, `id_user`, `id_product`, `jumlah`, `sizeSelected`, `note`, `created_at`, `updated_at`) VALUES
(2, 2, 53, 6, '34', NULL, '2022-04-20 13:52:19', '2022-04-20 13:52:19'),
(3, 2, 51, 6, 'M', NULL, '2022-04-20 15:06:19', '2022-04-20 15:06:19');

-- --------------------------------------------------------

--
-- Table structure for table `cities`
--

CREATE TABLE `cities` (
  `id` bigint UNSIGNED NOT NULL,
  `province_id` int UNSIGNED NOT NULL,
  `city_id` int UNSIGNED NOT NULL,
  `name` varchar(255) COLLATE utf8mb4_unicode_ci NOT NULL,
  `created_at` timestamp NULL DEFAULT NULL,
  `updated_at` timestamp NULL DEFAULT NULL
) ENGINE=InnoDB DEFAULT CHARSET=utf8mb4 COLLATE=utf8mb4_unicode_ci;

--
-- Dumping data for table `cities`
--

INSERT INTO `cities` (`id`, `province_id`, `city_id`, `name`, `created_at`, `updated_at`) VALUES
(1, 1, 17, 'Badung', '2022-04-20 01:11:42', '2022-04-20 01:11:42'),
(2, 1, 32, 'Bangli', '2022-04-20 01:11:42', '2022-04-20 01:11:42'),
(3, 1, 94, 'Buleleng', '2022-04-20 01:11:42', '2022-04-20 01:11:42'),
(4, 1, 114, 'Denpasar', '2022-04-20 01:11:42', '2022-04-20 01:11:42'),
(5, 1, 128, 'Gianyar', '2022-04-20 01:11:42', '2022-04-20 01:11:42'),
(6, 1, 161, 'Jembrana', '2022-04-20 01:11:42', '2022-04-20 01:11:42'),
(7, 1, 170, 'Karangasem', '2022-04-20 01:11:42', '2022-04-20 01:11:42'),
(8, 1, 197, 'Klungkung', '2022-04-20 01:11:42', '2022-04-20 01:11:42'),
(9, 1, 447, 'Tabanan', '2022-04-20 01:11:42', '2022-04-20 01:11:42'),
(10, 2, 27, 'Bangka', '2022-04-20 01:11:43', '2022-04-20 01:11:43'),
(11, 2, 28, 'Bangka Barat', '2022-04-20 01:11:43', '2022-04-20 01:11:43'),
(12, 2, 29, 'Bangka Selatan', '2022-04-20 01:11:43', '2022-04-20 01:11:43'),
(13, 2, 30, 'Bangka Tengah', '2022-04-20 01:11:43', '2022-04-20 01:11:43'),
(14, 2, 56, 'Belitung', '2022-04-20 01:11:43', '2022-04-20 01:11:43'),
(15, 2, 57, 'Belitung Timur', '2022-04-20 01:11:43', '2022-04-20 01:11:43'),
(16, 2, 334, 'Pangkal Pinang', '2022-04-20 01:11:43', '2022-04-20 01:11:43'),
(17, 3, 106, 'Cilegon', '2022-04-20 01:11:44', '2022-04-20 01:11:44'),
(18, 3, 232, 'Lebak', '2022-04-20 01:11:44', '2022-04-20 01:11:44'),
(19, 3, 331, 'Pandeglang', '2022-04-20 01:11:44', '2022-04-20 01:11:44'),
(20, 3, 402, 'Serang', '2022-04-20 01:11:44', '2022-04-20 01:11:44'),
(21, 3, 403, 'Serang', '2022-04-20 01:11:44', '2022-04-20 01:11:44'),
(22, 3, 455, 'Tangerang', '2022-04-20 01:11:44', '2022-04-20 01:11:44'),
(23, 3, 456, 'Tangerang', '2022-04-20 01:11:44', '2022-04-20 01:11:44'),
(24, 3, 457, 'Tangerang Selatan', '2022-04-20 01:11:44', '2022-04-20 01:11:44'),
(25, 4, 62, 'Bengkulu', '2022-04-20 01:11:45', '2022-04-20 01:11:45'),
(26, 4, 63, 'Bengkulu Selatan', '2022-04-20 01:11:45', '2022-04-20 01:11:45'),
(27, 4, 64, 'Bengkulu Tengah', '2022-04-20 01:11:45', '2022-04-20 01:11:45'),
(28, 4, 65, 'Bengkulu Utara', '2022-04-20 01:11:45', '2022-04-20 01:11:45'),
(29, 4, 175, 'Kaur', '2022-04-20 01:11:45', '2022-04-20 01:11:45'),
(30, 4, 183, 'Kepahiang', '2022-04-20 01:11:45', '2022-04-20 01:11:45'),
(31, 4, 233, 'Lebong', '2022-04-20 01:11:45', '2022-04-20 01:11:45'),
(32, 4, 294, 'Muko Muko', '2022-04-20 01:11:45', '2022-04-20 01:11:45'),
(33, 4, 379, 'Rejang Lebong', '2022-04-20 01:11:45', '2022-04-20 01:11:45'),
(34, 4, 397, 'Seluma', '2022-04-20 01:11:45', '2022-04-20 01:11:45'),
(35, 5, 39, 'Bantul', '2022-04-20 01:11:47', '2022-04-20 01:11:47'),
(36, 5, 135, 'Gunung Kidul', '2022-04-20 01:11:47', '2022-04-20 01:11:47'),
(37, 5, 210, 'Kulon Progo', '2022-04-20 01:11:47', '2022-04-20 01:11:47'),
(38, 5, 419, 'Sleman', '2022-04-20 01:11:47', '2022-04-20 01:11:47'),
(39, 5, 501, 'Yogyakarta', '2022-04-20 01:11:47', '2022-04-20 01:11:47'),
(40, 6, 151, 'Jakarta Barat', '2022-04-20 01:11:48', '2022-04-20 01:11:48'),
(41, 6, 152, 'Jakarta Pusat', '2022-04-20 01:11:48', '2022-04-20 01:11:48'),
(42, 6, 153, 'Jakarta Selatan', '2022-04-20 01:11:48', '2022-04-20 01:11:48'),
(43, 6, 154, 'Jakarta Timur', '2022-04-20 01:11:48', '2022-04-20 01:11:48'),
(44, 6, 155, 'Jakarta Utara', '2022-04-20 01:11:48', '2022-04-20 01:11:48'),
(45, 6, 189, 'Kepulauan Seribu', '2022-04-20 01:11:48', '2022-04-20 01:11:48'),
(46, 7, 77, 'Boalemo', '2022-04-20 01:11:50', '2022-04-20 01:11:50'),
(47, 7, 88, 'Bone Bolango', '2022-04-20 01:11:50', '2022-04-20 01:11:50'),
(48, 7, 129, 'Gorontalo', '2022-04-20 01:11:50', '2022-04-20 01:11:50'),
(49, 7, 130, 'Gorontalo', '2022-04-20 01:11:50', '2022-04-20 01:11:50'),
(50, 7, 131, 'Gorontalo Utara', '2022-04-20 01:11:50', '2022-04-20 01:11:50'),
(51, 7, 361, 'Pohuwato', '2022-04-20 01:11:50', '2022-04-20 01:11:50'),
(52, 8, 50, 'Batang Hari', '2022-04-20 01:11:51', '2022-04-20 01:11:51'),
(53, 8, 97, 'Bungo', '2022-04-20 01:11:51', '2022-04-20 01:11:51'),
(54, 8, 156, 'Jambi', '2022-04-20 01:11:51', '2022-04-20 01:11:51'),
(55, 8, 194, 'Kerinci', '2022-04-20 01:11:51', '2022-04-20 01:11:51'),
(56, 8, 280, 'Merangin', '2022-04-20 01:11:51', '2022-04-20 01:11:51'),
(57, 8, 293, 'Muaro Jambi', '2022-04-20 01:11:51', '2022-04-20 01:11:51'),
(58, 8, 393, 'Sarolangun', '2022-04-20 01:11:51', '2022-04-20 01:11:51'),
(59, 8, 442, 'Sungaipenuh', '2022-04-20 01:11:51', '2022-04-20 01:11:51'),
(60, 8, 460, 'Tanjung Jabung Barat', '2022-04-20 01:11:51', '2022-04-20 01:11:51'),
(61, 8, 461, 'Tanjung Jabung Timur', '2022-04-20 01:11:51', '2022-04-20 01:11:51'),
(62, 8, 471, 'Tebo', '2022-04-20 01:11:51', '2022-04-20 01:11:51'),
(63, 9, 22, 'Bandung', '2022-04-20 01:11:52', '2022-04-20 01:11:52'),
(64, 9, 23, 'Bandung', '2022-04-20 01:11:52', '2022-04-20 01:11:52'),
(65, 9, 24, 'Bandung Barat', '2022-04-20 01:11:52', '2022-04-20 01:11:52'),
(66, 9, 34, 'Banjar', '2022-04-20 01:11:52', '2022-04-20 01:11:52'),
(67, 9, 54, 'Bekasi', '2022-04-20 01:11:52', '2022-04-20 01:11:52'),
(68, 9, 55, 'Bekasi', '2022-04-20 01:11:52', '2022-04-20 01:11:52'),
(69, 9, 78, 'Bogor', '2022-04-20 01:11:52', '2022-04-20 01:11:52'),
(70, 9, 79, 'Bogor', '2022-04-20 01:11:52', '2022-04-20 01:11:52'),
(71, 9, 103, 'Ciamis', '2022-04-20 01:11:52', '2022-04-20 01:11:52'),
(72, 9, 104, 'Cianjur', '2022-04-20 01:11:52', '2022-04-20 01:11:52'),
(73, 9, 107, 'Cimahi', '2022-04-20 01:11:52', '2022-04-20 01:11:52'),
(74, 9, 108, 'Cirebon', '2022-04-20 01:11:52', '2022-04-20 01:11:52'),
(75, 9, 109, 'Cirebon', '2022-04-20 01:11:52', '2022-04-20 01:11:52'),
(76, 9, 115, 'Depok', '2022-04-20 01:11:52', '2022-04-20 01:11:52'),
(77, 9, 126, 'Garut', '2022-04-20 01:11:52', '2022-04-20 01:11:52'),
(78, 9, 149, 'Indramayu', '2022-04-20 01:11:52', '2022-04-20 01:11:52'),
(79, 9, 171, 'Karawang', '2022-04-20 01:11:52', '2022-04-20 01:11:52'),
(80, 9, 211, 'Kuningan', '2022-04-20 01:11:52', '2022-04-20 01:11:52'),
(81, 9, 252, 'Majalengka', '2022-04-20 01:11:52', '2022-04-20 01:11:52'),
(82, 9, 332, 'Pangandaran', '2022-04-20 01:11:52', '2022-04-20 01:11:52'),
(83, 9, 376, 'Purwakarta', '2022-04-20 01:11:52', '2022-04-20 01:11:52'),
(84, 9, 428, 'Subang', '2022-04-20 01:11:52', '2022-04-20 01:11:52'),
(85, 9, 430, 'Sukabumi', '2022-04-20 01:11:52', '2022-04-20 01:11:52'),
(86, 9, 431, 'Sukabumi', '2022-04-20 01:11:52', '2022-04-20 01:11:52'),
(87, 9, 440, 'Sumedang', '2022-04-20 01:11:52', '2022-04-20 01:11:52'),
(88, 9, 468, 'Tasikmalaya', '2022-04-20 01:11:52', '2022-04-20 01:11:52'),
(89, 9, 469, 'Tasikmalaya', '2022-04-20 01:11:52', '2022-04-20 01:11:52'),
(90, 10, 37, 'Banjarnegara', '2022-04-20 01:11:54', '2022-04-20 01:11:54'),
(91, 10, 41, 'Banyumas', '2022-04-20 01:11:54', '2022-04-20 01:11:54'),
(92, 10, 49, 'Batang', '2022-04-20 01:11:54', '2022-04-20 01:11:54'),
(93, 10, 76, 'Blora', '2022-04-20 01:11:54', '2022-04-20 01:11:54'),
(94, 10, 91, 'Boyolali', '2022-04-20 01:11:54', '2022-04-20 01:11:54'),
(95, 10, 92, 'Brebes', '2022-04-20 01:11:54', '2022-04-20 01:11:54'),
(96, 10, 105, 'Cilacap', '2022-04-20 01:11:54', '2022-04-20 01:11:54'),
(97, 10, 113, 'Demak', '2022-04-20 01:11:54', '2022-04-20 01:11:54'),
(98, 10, 134, 'Grobogan', '2022-04-20 01:11:54', '2022-04-20 01:11:54'),
(99, 10, 163, 'Jepara', '2022-04-20 01:11:54', '2022-04-20 01:11:54'),
(100, 10, 169, 'Karanganyar', '2022-04-20 01:11:54', '2022-04-20 01:11:54'),
(101, 10, 177, 'Kebumen', '2022-04-20 01:11:54', '2022-04-20 01:11:54'),
(102, 10, 181, 'Kendal', '2022-04-20 01:11:54', '2022-04-20 01:11:54'),
(103, 10, 196, 'Klaten', '2022-04-20 01:11:54', '2022-04-20 01:11:54'),
(104, 10, 209, 'Kudus', '2022-04-20 01:11:54', '2022-04-20 01:11:54'),
(105, 10, 249, 'Magelang', '2022-04-20 01:11:54', '2022-04-20 01:11:54'),
(106, 10, 250, 'Magelang', '2022-04-20 01:11:54', '2022-04-20 01:11:54'),
(107, 10, 344, 'Pati', '2022-04-20 01:11:54', '2022-04-20 01:11:54'),
(108, 10, 348, 'Pekalongan', '2022-04-20 01:11:54', '2022-04-20 01:11:54'),
(109, 10, 349, 'Pekalongan', '2022-04-20 01:11:54', '2022-04-20 01:11:54'),
(110, 10, 352, 'Pemalang', '2022-04-20 01:11:54', '2022-04-20 01:11:54'),
(111, 10, 375, 'Purbalingga', '2022-04-20 01:11:54', '2022-04-20 01:11:54'),
(112, 10, 377, 'Purworejo', '2022-04-20 01:11:54', '2022-04-20 01:11:54'),
(113, 10, 380, 'Rembang', '2022-04-20 01:11:54', '2022-04-20 01:11:54'),
(114, 10, 386, 'Salatiga', '2022-04-20 01:11:54', '2022-04-20 01:11:54'),
(115, 10, 398, 'Semarang', '2022-04-20 01:11:54', '2022-04-20 01:11:54'),
(116, 10, 399, 'Semarang', '2022-04-20 01:11:54', '2022-04-20 01:11:54'),
(117, 10, 427, 'Sragen', '2022-04-20 01:11:54', '2022-04-20 01:11:54'),
(118, 10, 433, 'Sukoharjo', '2022-04-20 01:11:54', '2022-04-20 01:11:54'),
(119, 10, 445, 'Surakarta (Solo)', '2022-04-20 01:11:54', '2022-04-20 01:11:54'),
(120, 10, 472, 'Tegal', '2022-04-20 01:11:54', '2022-04-20 01:11:54'),
(121, 10, 473, 'Tegal', '2022-04-20 01:11:54', '2022-04-20 01:11:54'),
(122, 10, 476, 'Temanggung', '2022-04-20 01:11:54', '2022-04-20 01:11:54'),
(123, 10, 497, 'Wonogiri', '2022-04-20 01:11:54', '2022-04-20 01:11:54'),
(124, 10, 498, 'Wonosobo', '2022-04-20 01:11:54', '2022-04-20 01:11:54'),
(125, 11, 31, 'Bangkalan', '2022-04-20 01:11:55', '2022-04-20 01:11:55'),
(126, 11, 42, 'Banyuwangi', '2022-04-20 01:11:55', '2022-04-20 01:11:55'),
(127, 11, 51, 'Batu', '2022-04-20 01:11:55', '2022-04-20 01:11:55'),
(128, 11, 74, 'Blitar', '2022-04-20 01:11:55', '2022-04-20 01:11:55'),
(129, 11, 75, 'Blitar', '2022-04-20 01:11:55', '2022-04-20 01:11:55'),
(130, 11, 80, 'Bojonegoro', '2022-04-20 01:11:55', '2022-04-20 01:11:55'),
(131, 11, 86, 'Bondowoso', '2022-04-20 01:11:55', '2022-04-20 01:11:55'),
(132, 11, 133, 'Gresik', '2022-04-20 01:11:55', '2022-04-20 01:11:55'),
(133, 11, 160, 'Jember', '2022-04-20 01:11:55', '2022-04-20 01:11:55'),
(134, 11, 164, 'Jombang', '2022-04-20 01:11:55', '2022-04-20 01:11:55'),
(135, 11, 178, 'Kediri', '2022-04-20 01:11:55', '2022-04-20 01:11:55'),
(136, 11, 179, 'Kediri', '2022-04-20 01:11:55', '2022-04-20 01:11:55'),
(137, 11, 222, 'Lamongan', '2022-04-20 01:11:55', '2022-04-20 01:11:55'),
(138, 11, 243, 'Lumajang', '2022-04-20 01:11:55', '2022-04-20 01:11:55'),
(139, 11, 247, 'Madiun', '2022-04-20 01:11:55', '2022-04-20 01:11:55'),
(140, 11, 248, 'Madiun', '2022-04-20 01:11:55', '2022-04-20 01:11:55'),
(141, 11, 251, 'Magetan', '2022-04-20 01:11:55', '2022-04-20 01:11:55'),
(142, 11, 256, 'Malang', '2022-04-20 01:11:55', '2022-04-20 01:11:55'),
(143, 11, 255, 'Malang', '2022-04-20 01:11:55', '2022-04-20 01:11:55'),
(144, 11, 289, 'Mojokerto', '2022-04-20 01:11:55', '2022-04-20 01:11:55'),
(145, 11, 290, 'Mojokerto', '2022-04-20 01:11:55', '2022-04-20 01:11:55'),
(146, 11, 305, 'Nganjuk', '2022-04-20 01:11:55', '2022-04-20 01:11:55'),
(147, 11, 306, 'Ngawi', '2022-04-20 01:11:55', '2022-04-20 01:11:55'),
(148, 11, 317, 'Pacitan', '2022-04-20 01:11:55', '2022-04-20 01:11:55'),
(149, 11, 330, 'Pamekasan', '2022-04-20 01:11:55', '2022-04-20 01:11:55'),
(150, 11, 342, 'Pasuruan', '2022-04-20 01:11:55', '2022-04-20 01:11:55'),
(151, 11, 343, 'Pasuruan', '2022-04-20 01:11:55', '2022-04-20 01:11:55'),
(152, 11, 363, 'Ponorogo', '2022-04-20 01:11:55', '2022-04-20 01:11:55'),
(153, 11, 369, 'Probolinggo', '2022-04-20 01:11:55', '2022-04-20 01:11:55'),
(154, 11, 370, 'Probolinggo', '2022-04-20 01:11:55', '2022-04-20 01:11:55'),
(155, 11, 390, 'Sampang', '2022-04-20 01:11:55', '2022-04-20 01:11:55'),
(156, 11, 409, 'Sidoarjo', '2022-04-20 01:11:55', '2022-04-20 01:11:55'),
(157, 11, 418, 'Situbondo', '2022-04-20 01:11:55', '2022-04-20 01:11:55'),
(158, 11, 441, 'Sumenep', '2022-04-20 01:11:55', '2022-04-20 01:11:55'),
(159, 11, 444, 'Surabaya', '2022-04-20 01:11:55', '2022-04-20 01:11:55'),
(160, 11, 487, 'Trenggalek', '2022-04-20 01:11:55', '2022-04-20 01:11:55'),
(161, 11, 489, 'Tuban', '2022-04-20 01:11:55', '2022-04-20 01:11:55'),
(162, 11, 492, 'Tulungagung', '2022-04-20 01:11:55', '2022-04-20 01:11:55'),
(163, 12, 61, 'Bengkayang', '2022-04-20 01:11:56', '2022-04-20 01:11:56'),
(164, 12, 168, 'Kapuas Hulu', '2022-04-20 01:11:56', '2022-04-20 01:11:56'),
(165, 12, 176, 'Kayong Utara', '2022-04-20 01:11:56', '2022-04-20 01:11:56'),
(166, 12, 195, 'Ketapang', '2022-04-20 01:11:56', '2022-04-20 01:11:56'),
(167, 12, 208, 'Kubu Raya', '2022-04-20 01:11:56', '2022-04-20 01:11:56'),
(168, 12, 228, 'Landak', '2022-04-20 01:11:56', '2022-04-20 01:11:56'),
(169, 12, 279, 'Melawi', '2022-04-20 01:11:56', '2022-04-20 01:11:56'),
(170, 12, 364, 'Pontianak', '2022-04-20 01:11:56', '2022-04-20 01:11:56'),
(171, 12, 365, 'Pontianak', '2022-04-20 01:11:56', '2022-04-20 01:11:56'),
(172, 12, 388, 'Sambas', '2022-04-20 01:11:56', '2022-04-20 01:11:56'),
(173, 12, 391, 'Sanggau', '2022-04-20 01:11:56', '2022-04-20 01:11:56'),
(174, 12, 395, 'Sekadau', '2022-04-20 01:11:56', '2022-04-20 01:11:56'),
(175, 12, 415, 'Singkawang', '2022-04-20 01:11:56', '2022-04-20 01:11:56'),
(176, 12, 417, 'Sintang', '2022-04-20 01:11:56', '2022-04-20 01:11:56'),
(177, 13, 18, 'Balangan', '2022-04-20 01:11:57', '2022-04-20 01:11:57'),
(178, 13, 33, 'Banjar', '2022-04-20 01:11:57', '2022-04-20 01:11:57'),
(179, 13, 35, 'Banjarbaru', '2022-04-20 01:11:57', '2022-04-20 01:11:57'),
(180, 13, 36, 'Banjarmasin', '2022-04-20 01:11:57', '2022-04-20 01:11:57'),
(181, 13, 43, 'Barito Kuala', '2022-04-20 01:11:57', '2022-04-20 01:11:57'),
(182, 13, 143, 'Hulu Sungai Selatan', '2022-04-20 01:11:58', '2022-04-20 01:11:58'),
(183, 13, 144, 'Hulu Sungai Tengah', '2022-04-20 01:11:58', '2022-04-20 01:11:58'),
(184, 13, 145, 'Hulu Sungai Utara', '2022-04-20 01:11:58', '2022-04-20 01:11:58'),
(185, 13, 203, 'Kotabaru', '2022-04-20 01:11:58', '2022-04-20 01:11:58'),
(186, 13, 446, 'Tabalong', '2022-04-20 01:11:58', '2022-04-20 01:11:58'),
(187, 13, 452, 'Tanah Bumbu', '2022-04-20 01:11:58', '2022-04-20 01:11:58'),
(188, 13, 454, 'Tanah Laut', '2022-04-20 01:11:58', '2022-04-20 01:11:58'),
(189, 13, 466, 'Tapin', '2022-04-20 01:11:58', '2022-04-20 01:11:58'),
(190, 14, 44, 'Barito Selatan', '2022-04-20 01:11:59', '2022-04-20 01:11:59'),
(191, 14, 45, 'Barito Timur', '2022-04-20 01:11:59', '2022-04-20 01:11:59'),
(192, 14, 46, 'Barito Utara', '2022-04-20 01:11:59', '2022-04-20 01:11:59'),
(193, 14, 136, 'Gunung Mas', '2022-04-20 01:11:59', '2022-04-20 01:11:59'),
(194, 14, 167, 'Kapuas', '2022-04-20 01:11:59', '2022-04-20 01:11:59'),
(195, 14, 174, 'Katingan', '2022-04-20 01:11:59', '2022-04-20 01:11:59'),
(196, 14, 205, 'Kotawaringin Barat', '2022-04-20 01:11:59', '2022-04-20 01:11:59'),
(197, 14, 206, 'Kotawaringin Timur', '2022-04-20 01:11:59', '2022-04-20 01:11:59'),
(198, 14, 221, 'Lamandau', '2022-04-20 01:11:59', '2022-04-20 01:11:59'),
(199, 14, 296, 'Murung Raya', '2022-04-20 01:11:59', '2022-04-20 01:11:59'),
(200, 14, 326, 'Palangka Raya', '2022-04-20 01:11:59', '2022-04-20 01:11:59'),
(201, 14, 371, 'Pulang Pisau', '2022-04-20 01:11:59', '2022-04-20 01:11:59'),
(202, 14, 405, 'Seruyan', '2022-04-20 01:11:59', '2022-04-20 01:11:59'),
(203, 14, 432, 'Sukamara', '2022-04-20 01:11:59', '2022-04-20 01:11:59'),
(204, 15, 19, 'Balikpapan', '2022-04-20 01:12:00', '2022-04-20 01:12:00'),
(205, 15, 66, 'Berau', '2022-04-20 01:12:00', '2022-04-20 01:12:00'),
(206, 15, 89, 'Bontang', '2022-04-20 01:12:00', '2022-04-20 01:12:00'),
(207, 15, 214, 'Kutai Barat', '2022-04-20 01:12:00', '2022-04-20 01:12:00'),
(208, 15, 215, 'Kutai Kartanegara', '2022-04-20 01:12:00', '2022-04-20 01:12:00'),
(209, 15, 216, 'Kutai Timur', '2022-04-20 01:12:00', '2022-04-20 01:12:00'),
(210, 15, 341, 'Paser', '2022-04-20 01:12:00', '2022-04-20 01:12:00'),
(211, 15, 354, 'Penajam Paser Utara', '2022-04-20 01:12:00', '2022-04-20 01:12:00'),
(212, 15, 387, 'Samarinda', '2022-04-20 01:12:00', '2022-04-20 01:12:00'),
(213, 16, 96, 'Bulungan (Bulongan)', '2022-04-20 01:12:01', '2022-04-20 01:12:01'),
(214, 16, 257, 'Malinau', '2022-04-20 01:12:01', '2022-04-20 01:12:01'),
(215, 16, 311, 'Nunukan', '2022-04-20 01:12:01', '2022-04-20 01:12:01'),
(216, 16, 450, 'Tana Tidung', '2022-04-20 01:12:01', '2022-04-20 01:12:01'),
(217, 16, 467, 'Tarakan', '2022-04-20 01:12:01', '2022-04-20 01:12:01'),
(218, 17, 48, 'Batam', '2022-04-20 01:12:02', '2022-04-20 01:12:02'),
(219, 17, 71, 'Bintan', '2022-04-20 01:12:02', '2022-04-20 01:12:02'),
(220, 17, 172, 'Karimun', '2022-04-20 01:12:02', '2022-04-20 01:12:02'),
(221, 17, 184, 'Kepulauan Anambas', '2022-04-20 01:12:02', '2022-04-20 01:12:02'),
(222, 17, 237, 'Lingga', '2022-04-20 01:12:02', '2022-04-20 01:12:02'),
(223, 17, 302, 'Natuna', '2022-04-20 01:12:02', '2022-04-20 01:12:02'),
(224, 17, 462, 'Tanjung Pinang', '2022-04-20 01:12:02', '2022-04-20 01:12:02'),
(225, 18, 21, 'Bandar Lampung', '2022-04-20 01:12:03', '2022-04-20 01:12:03'),
(226, 18, 223, 'Lampung Barat', '2022-04-20 01:12:03', '2022-04-20 01:12:03'),
(227, 18, 224, 'Lampung Selatan', '2022-04-20 01:12:04', '2022-04-20 01:12:04'),
(228, 18, 225, 'Lampung Tengah', '2022-04-20 01:12:04', '2022-04-20 01:12:04'),
(229, 18, 226, 'Lampung Timur', '2022-04-20 01:12:04', '2022-04-20 01:12:04'),
(230, 18, 227, 'Lampung Utara', '2022-04-20 01:12:04', '2022-04-20 01:12:04'),
(231, 18, 282, 'Mesuji', '2022-04-20 01:12:04', '2022-04-20 01:12:04'),
(232, 18, 283, 'Metro', '2022-04-20 01:12:04', '2022-04-20 01:12:04'),
(233, 18, 355, 'Pesawaran', '2022-04-20 01:12:04', '2022-04-20 01:12:04'),
(234, 18, 356, 'Pesisir Barat', '2022-04-20 01:12:04', '2022-04-20 01:12:04'),
(235, 18, 368, 'Pringsewu', '2022-04-20 01:12:04', '2022-04-20 01:12:04'),
(236, 18, 458, 'Tanggamus', '2022-04-20 01:12:04', '2022-04-20 01:12:04'),
(237, 18, 490, 'Tulang Bawang', '2022-04-20 01:12:04', '2022-04-20 01:12:04'),
(238, 18, 491, 'Tulang Bawang Barat', '2022-04-20 01:12:04', '2022-04-20 01:12:04'),
(239, 18, 496, 'Way Kanan', '2022-04-20 01:12:04', '2022-04-20 01:12:04'),
(240, 19, 14, 'Ambon', '2022-04-20 01:12:05', '2022-04-20 01:12:05'),
(241, 19, 99, 'Buru', '2022-04-20 01:12:05', '2022-04-20 01:12:05'),
(242, 19, 100, 'Buru Selatan', '2022-04-20 01:12:05', '2022-04-20 01:12:05'),
(243, 19, 185, 'Kepulauan Aru', '2022-04-20 01:12:05', '2022-04-20 01:12:05'),
(244, 19, 258, 'Maluku Barat Daya', '2022-04-20 01:12:05', '2022-04-20 01:12:05'),
(245, 19, 259, 'Maluku Tengah', '2022-04-20 01:12:05', '2022-04-20 01:12:05'),
(246, 19, 260, 'Maluku Tenggara', '2022-04-20 01:12:05', '2022-04-20 01:12:05'),
(247, 19, 261, 'Maluku Tenggara Barat', '2022-04-20 01:12:05', '2022-04-20 01:12:05'),
(248, 19, 400, 'Seram Bagian Barat', '2022-04-20 01:12:05', '2022-04-20 01:12:05'),
(249, 19, 401, 'Seram Bagian Timur', '2022-04-20 01:12:05', '2022-04-20 01:12:05'),
(250, 19, 488, 'Tual', '2022-04-20 01:12:05', '2022-04-20 01:12:05'),
(251, 20, 138, 'Halmahera Barat', '2022-04-20 01:12:06', '2022-04-20 01:12:06'),
(252, 20, 139, 'Halmahera Selatan', '2022-04-20 01:12:06', '2022-04-20 01:12:06'),
(253, 20, 140, 'Halmahera Tengah', '2022-04-20 01:12:06', '2022-04-20 01:12:06'),
(254, 20, 141, 'Halmahera Timur', '2022-04-20 01:12:06', '2022-04-20 01:12:06'),
(255, 20, 142, 'Halmahera Utara', '2022-04-20 01:12:06', '2022-04-20 01:12:06'),
(256, 20, 191, 'Kepulauan Sula', '2022-04-20 01:12:06', '2022-04-20 01:12:06'),
(257, 20, 372, 'Pulau Morotai', '2022-04-20 01:12:06', '2022-04-20 01:12:06'),
(258, 20, 477, 'Ternate', '2022-04-20 01:12:06', '2022-04-20 01:12:06'),
(259, 20, 478, 'Tidore Kepulauan', '2022-04-20 01:12:06', '2022-04-20 01:12:06'),
(260, 21, 1, 'Aceh Barat', '2022-04-20 01:12:07', '2022-04-20 01:12:07'),
(261, 21, 2, 'Aceh Barat Daya', '2022-04-20 01:12:07', '2022-04-20 01:12:07'),
(262, 21, 3, 'Aceh Besar', '2022-04-20 01:12:07', '2022-04-20 01:12:07'),
(263, 21, 4, 'Aceh Jaya', '2022-04-20 01:12:07', '2022-04-20 01:12:07'),
(264, 21, 5, 'Aceh Selatan', '2022-04-20 01:12:07', '2022-04-20 01:12:07'),
(265, 21, 6, 'Aceh Singkil', '2022-04-20 01:12:07', '2022-04-20 01:12:07'),
(266, 21, 7, 'Aceh Tamiang', '2022-04-20 01:12:07', '2022-04-20 01:12:07'),
(267, 21, 8, 'Aceh Tengah', '2022-04-20 01:12:07', '2022-04-20 01:12:07'),
(268, 21, 9, 'Aceh Tenggara', '2022-04-20 01:12:07', '2022-04-20 01:12:07'),
(269, 21, 10, 'Aceh Timur', '2022-04-20 01:12:07', '2022-04-20 01:12:07'),
(270, 21, 11, 'Aceh Utara', '2022-04-20 01:12:07', '2022-04-20 01:12:07'),
(271, 21, 20, 'Banda Aceh', '2022-04-20 01:12:07', '2022-04-20 01:12:07'),
(272, 21, 59, 'Bener Meriah', '2022-04-20 01:12:07', '2022-04-20 01:12:07'),
(273, 21, 72, 'Bireuen', '2022-04-20 01:12:07', '2022-04-20 01:12:07'),
(274, 21, 127, 'Gayo Lues', '2022-04-20 01:12:07', '2022-04-20 01:12:07'),
(275, 21, 230, 'Langsa', '2022-04-20 01:12:07', '2022-04-20 01:12:07'),
(276, 21, 235, 'Lhokseumawe', '2022-04-20 01:12:07', '2022-04-20 01:12:07'),
(277, 21, 300, 'Nagan Raya', '2022-04-20 01:12:07', '2022-04-20 01:12:07'),
(278, 21, 358, 'Pidie', '2022-04-20 01:12:07', '2022-04-20 01:12:07'),
(279, 21, 359, 'Pidie Jaya', '2022-04-20 01:12:07', '2022-04-20 01:12:07'),
(280, 21, 384, 'Sabang', '2022-04-20 01:12:07', '2022-04-20 01:12:07'),
(281, 21, 414, 'Simeulue', '2022-04-20 01:12:07', '2022-04-20 01:12:07'),
(282, 21, 429, 'Subulussalam', '2022-04-20 01:12:07', '2022-04-20 01:12:07'),
(283, 22, 68, 'Bima', '2022-04-20 01:12:08', '2022-04-20 01:12:08'),
(284, 22, 69, 'Bima', '2022-04-20 01:12:08', '2022-04-20 01:12:08'),
(285, 22, 118, 'Dompu', '2022-04-20 01:12:08', '2022-04-20 01:12:08'),
(286, 22, 238, 'Lombok Barat', '2022-04-20 01:12:08', '2022-04-20 01:12:08'),
(287, 22, 239, 'Lombok Tengah', '2022-04-20 01:12:08', '2022-04-20 01:12:08'),
(288, 22, 240, 'Lombok Timur', '2022-04-20 01:12:08', '2022-04-20 01:12:08'),
(289, 22, 241, 'Lombok Utara', '2022-04-20 01:12:08', '2022-04-20 01:12:08'),
(290, 22, 276, 'Mataram', '2022-04-20 01:12:08', '2022-04-20 01:12:08'),
(291, 22, 438, 'Sumbawa', '2022-04-20 01:12:08', '2022-04-20 01:12:08'),
(292, 22, 439, 'Sumbawa Barat', '2022-04-20 01:12:08', '2022-04-20 01:12:08'),
(293, 23, 13, 'Alor', '2022-04-20 01:12:09', '2022-04-20 01:12:09'),
(294, 23, 58, 'Belu', '2022-04-20 01:12:09', '2022-04-20 01:12:09'),
(295, 23, 122, 'Ende', '2022-04-20 01:12:09', '2022-04-20 01:12:09'),
(296, 23, 125, 'Flores Timur', '2022-04-20 01:12:09', '2022-04-20 01:12:09'),
(297, 23, 212, 'Kupang', '2022-04-20 01:12:09', '2022-04-20 01:12:09'),
(298, 23, 213, 'Kupang', '2022-04-20 01:12:09', '2022-04-20 01:12:09'),
(299, 23, 234, 'Lembata', '2022-04-20 01:12:09', '2022-04-20 01:12:09'),
(300, 23, 269, 'Manggarai', '2022-04-20 01:12:09', '2022-04-20 01:12:09'),
(301, 23, 270, 'Manggarai Barat', '2022-04-20 01:12:09', '2022-04-20 01:12:09'),
(302, 23, 271, 'Manggarai Timur', '2022-04-20 01:12:09', '2022-04-20 01:12:09'),
(303, 23, 301, 'Nagekeo', '2022-04-20 01:12:09', '2022-04-20 01:12:09'),
(304, 23, 304, 'Ngada', '2022-04-20 01:12:09', '2022-04-20 01:12:09'),
(305, 23, 383, 'Rote Ndao', '2022-04-20 01:12:09', '2022-04-20 01:12:09'),
(306, 23, 385, 'Sabu Raijua', '2022-04-20 01:12:09', '2022-04-20 01:12:09'),
(307, 23, 412, 'Sikka', '2022-04-20 01:12:09', '2022-04-20 01:12:09'),
(308, 23, 434, 'Sumba Barat', '2022-04-20 01:12:09', '2022-04-20 01:12:09'),
(309, 23, 435, 'Sumba Barat Daya', '2022-04-20 01:12:09', '2022-04-20 01:12:09'),
(310, 23, 436, 'Sumba Tengah', '2022-04-20 01:12:10', '2022-04-20 01:12:10'),
(311, 23, 437, 'Sumba Timur', '2022-04-20 01:12:10', '2022-04-20 01:12:10'),
(312, 23, 479, 'Timor Tengah Selatan', '2022-04-20 01:12:10', '2022-04-20 01:12:10'),
(313, 23, 480, 'Timor Tengah Utara', '2022-04-20 01:12:10', '2022-04-20 01:12:10'),
(314, 24, 16, 'Asmat', '2022-04-20 01:12:11', '2022-04-20 01:12:11'),
(315, 24, 67, 'Biak Numfor', '2022-04-20 01:12:11', '2022-04-20 01:12:11'),
(316, 24, 90, 'Boven Digoel', '2022-04-20 01:12:11', '2022-04-20 01:12:11'),
(317, 24, 111, 'Deiyai (Deliyai)', '2022-04-20 01:12:11', '2022-04-20 01:12:11'),
(318, 24, 117, 'Dogiyai', '2022-04-20 01:12:11', '2022-04-20 01:12:11'),
(319, 24, 150, 'Intan Jaya', '2022-04-20 01:12:11', '2022-04-20 01:12:11'),
(320, 24, 157, 'Jayapura', '2022-04-20 01:12:11', '2022-04-20 01:12:11'),
(321, 24, 158, 'Jayapura', '2022-04-20 01:12:11', '2022-04-20 01:12:11'),
(322, 24, 159, 'Jayawijaya', '2022-04-20 01:12:11', '2022-04-20 01:12:11'),
(323, 24, 180, 'Keerom', '2022-04-20 01:12:11', '2022-04-20 01:12:11'),
(324, 24, 193, 'Kepulauan Yapen (Yapen Waropen)', '2022-04-20 01:12:11', '2022-04-20 01:12:11'),
(325, 24, 231, 'Lanny Jaya', '2022-04-20 01:12:11', '2022-04-20 01:12:11'),
(326, 24, 263, 'Mamberamo Raya', '2022-04-20 01:12:11', '2022-04-20 01:12:11'),
(327, 24, 264, 'Mamberamo Tengah', '2022-04-20 01:12:11', '2022-04-20 01:12:11'),
(328, 24, 274, 'Mappi', '2022-04-20 01:12:11', '2022-04-20 01:12:11'),
(329, 24, 281, 'Merauke', '2022-04-20 01:12:11', '2022-04-20 01:12:11'),
(330, 24, 284, 'Mimika', '2022-04-20 01:12:11', '2022-04-20 01:12:11'),
(331, 24, 299, 'Nabire', '2022-04-20 01:12:11', '2022-04-20 01:12:11'),
(332, 24, 303, 'Nduga', '2022-04-20 01:12:11', '2022-04-20 01:12:11'),
(333, 24, 335, 'Paniai', '2022-04-20 01:12:11', '2022-04-20 01:12:11'),
(334, 24, 347, 'Pegunungan Bintang', '2022-04-20 01:12:11', '2022-04-20 01:12:11'),
(335, 24, 373, 'Puncak', '2022-04-20 01:12:11', '2022-04-20 01:12:11'),
(336, 24, 374, 'Puncak Jaya', '2022-04-20 01:12:11', '2022-04-20 01:12:11'),
(337, 24, 392, 'Sarmi', '2022-04-20 01:12:11', '2022-04-20 01:12:11'),
(338, 24, 443, 'Supiori', '2022-04-20 01:12:11', '2022-04-20 01:12:11'),
(339, 24, 484, 'Tolikara', '2022-04-20 01:12:11', '2022-04-20 01:12:11'),
(340, 24, 495, 'Waropen', '2022-04-20 01:12:11', '2022-04-20 01:12:11'),
(341, 24, 499, 'Yahukimo', '2022-04-20 01:12:11', '2022-04-20 01:12:11'),
(342, 24, 500, 'Yalimo', '2022-04-20 01:12:11', '2022-04-20 01:12:11'),
(343, 25, 124, 'Fakfak', '2022-04-20 01:12:13', '2022-04-20 01:12:13'),
(344, 25, 165, 'Kaimana', '2022-04-20 01:12:13', '2022-04-20 01:12:13'),
(345, 25, 272, 'Manokwari', '2022-04-20 01:12:13', '2022-04-20 01:12:13'),
(346, 25, 273, 'Manokwari Selatan', '2022-04-20 01:12:13', '2022-04-20 01:12:13'),
(347, 25, 277, 'Maybrat', '2022-04-20 01:12:13', '2022-04-20 01:12:13'),
(348, 25, 346, 'Pegunungan Arfak', '2022-04-20 01:12:13', '2022-04-20 01:12:13'),
(349, 25, 378, 'Raja Ampat', '2022-04-20 01:12:13', '2022-04-20 01:12:13'),
(350, 25, 424, 'Sorong', '2022-04-20 01:12:13', '2022-04-20 01:12:13'),
(351, 25, 425, 'Sorong', '2022-04-20 01:12:13', '2022-04-20 01:12:13'),
(352, 25, 426, 'Sorong Selatan', '2022-04-20 01:12:13', '2022-04-20 01:12:13'),
(353, 25, 449, 'Tambrauw', '2022-04-20 01:12:13', '2022-04-20 01:12:13'),
(354, 25, 474, 'Teluk Bintuni', '2022-04-20 01:12:13', '2022-04-20 01:12:13'),
(355, 25, 475, 'Teluk Wondama', '2022-04-20 01:12:13', '2022-04-20 01:12:13'),
(356, 26, 60, 'Bengkalis', '2022-04-20 01:12:14', '2022-04-20 01:12:14'),
(357, 26, 120, 'Dumai', '2022-04-20 01:12:14', '2022-04-20 01:12:14'),
(358, 26, 147, 'Indragiri Hilir', '2022-04-20 01:12:14', '2022-04-20 01:12:14'),
(359, 26, 148, 'Indragiri Hulu', '2022-04-20 01:12:14', '2022-04-20 01:12:14'),
(360, 26, 166, 'Kampar', '2022-04-20 01:12:14', '2022-04-20 01:12:14'),
(361, 26, 187, 'Kepulauan Meranti', '2022-04-20 01:12:14', '2022-04-20 01:12:14'),
(362, 26, 207, 'Kuantan Singingi', '2022-04-20 01:12:14', '2022-04-20 01:12:14'),
(363, 26, 350, 'Pekanbaru', '2022-04-20 01:12:14', '2022-04-20 01:12:14'),
(364, 26, 351, 'Pelalawan', '2022-04-20 01:12:14', '2022-04-20 01:12:14'),
(365, 26, 381, 'Rokan Hilir', '2022-04-20 01:12:14', '2022-04-20 01:12:14'),
(366, 26, 382, 'Rokan Hulu', '2022-04-20 01:12:14', '2022-04-20 01:12:14'),
(367, 26, 406, 'Siak', '2022-04-20 01:12:14', '2022-04-20 01:12:14'),
(368, 27, 253, 'Majene', '2022-04-20 01:12:15', '2022-04-20 01:12:15'),
(369, 27, 262, 'Mamasa', '2022-04-20 01:12:15', '2022-04-20 01:12:15'),
(370, 27, 265, 'Mamuju', '2022-04-20 01:12:15', '2022-04-20 01:12:15'),
(371, 27, 266, 'Mamuju Utara', '2022-04-20 01:12:15', '2022-04-20 01:12:15'),
(372, 27, 362, 'Polewali Mandar', '2022-04-20 01:12:15', '2022-04-20 01:12:15'),
(373, 28, 38, 'Bantaeng', '2022-04-20 01:12:16', '2022-04-20 01:12:16'),
(374, 28, 47, 'Barru', '2022-04-20 01:12:16', '2022-04-20 01:12:16'),
(375, 28, 87, 'Bone', '2022-04-20 01:12:16', '2022-04-20 01:12:16'),
(376, 28, 95, 'Bulukumba', '2022-04-20 01:12:16', '2022-04-20 01:12:16'),
(377, 28, 123, 'Enrekang', '2022-04-20 01:12:16', '2022-04-20 01:12:16'),
(378, 28, 132, 'Gowa', '2022-04-20 01:12:16', '2022-04-20 01:12:16'),
(379, 28, 162, 'Jeneponto', '2022-04-20 01:12:16', '2022-04-20 01:12:16'),
(380, 28, 244, 'Luwu', '2022-04-20 01:12:16', '2022-04-20 01:12:16'),
(381, 28, 245, 'Luwu Timur', '2022-04-20 01:12:16', '2022-04-20 01:12:16'),
(382, 28, 246, 'Luwu Utara', '2022-04-20 01:12:16', '2022-04-20 01:12:16'),
(383, 28, 254, 'Makassar', '2022-04-20 01:12:16', '2022-04-20 01:12:16'),
(384, 28, 275, 'Maros', '2022-04-20 01:12:16', '2022-04-20 01:12:16'),
(385, 28, 328, 'Palopo', '2022-04-20 01:12:16', '2022-04-20 01:12:16'),
(386, 28, 333, 'Pangkajene Kepulauan', '2022-04-20 01:12:16', '2022-04-20 01:12:16'),
(387, 28, 336, 'Parepare', '2022-04-20 01:12:16', '2022-04-20 01:12:16'),
(388, 28, 360, 'Pinrang', '2022-04-20 01:12:16', '2022-04-20 01:12:16'),
(389, 28, 396, 'Selayar (Kepulauan Selayar)', '2022-04-20 01:12:16', '2022-04-20 01:12:16'),
(390, 28, 408, 'Sidenreng Rappang/Rapang', '2022-04-20 01:12:16', '2022-04-20 01:12:16'),
(391, 28, 416, 'Sinjai', '2022-04-20 01:12:16', '2022-04-20 01:12:16'),
(392, 28, 423, 'Soppeng', '2022-04-20 01:12:16', '2022-04-20 01:12:16'),
(393, 28, 448, 'Takalar', '2022-04-20 01:12:16', '2022-04-20 01:12:16'),
(394, 28, 451, 'Tana Toraja', '2022-04-20 01:12:16', '2022-04-20 01:12:16'),
(395, 28, 486, 'Toraja Utara', '2022-04-20 01:12:16', '2022-04-20 01:12:16'),
(396, 28, 493, 'Wajo', '2022-04-20 01:12:16', '2022-04-20 01:12:16'),
(397, 29, 25, 'Banggai', '2022-04-20 01:12:18', '2022-04-20 01:12:18'),
(398, 29, 26, 'Banggai Kepulauan', '2022-04-20 01:12:18', '2022-04-20 01:12:18'),
(399, 29, 98, 'Buol', '2022-04-20 01:12:18', '2022-04-20 01:12:18'),
(400, 29, 119, 'Donggala', '2022-04-20 01:12:18', '2022-04-20 01:12:18'),
(401, 29, 291, 'Morowali', '2022-04-20 01:12:18', '2022-04-20 01:12:18'),
(402, 29, 329, 'Palu', '2022-04-20 01:12:18', '2022-04-20 01:12:18'),
(403, 29, 338, 'Parigi Moutong', '2022-04-20 01:12:18', '2022-04-20 01:12:18'),
(404, 29, 366, 'Poso', '2022-04-20 01:12:18', '2022-04-20 01:12:18'),
(405, 29, 410, 'Sigi', '2022-04-20 01:12:18', '2022-04-20 01:12:18'),
(406, 29, 482, 'Tojo Una-Una', '2022-04-20 01:12:18', '2022-04-20 01:12:18'),
(407, 29, 483, 'Toli-Toli', '2022-04-20 01:12:18', '2022-04-20 01:12:18'),
(408, 30, 53, 'Bau-Bau', '2022-04-20 01:12:19', '2022-04-20 01:12:19'),
(409, 30, 85, 'Bombana', '2022-04-20 01:12:19', '2022-04-20 01:12:19'),
(410, 30, 101, 'Buton', '2022-04-20 01:12:19', '2022-04-20 01:12:19'),
(411, 30, 102, 'Buton Utara', '2022-04-20 01:12:19', '2022-04-20 01:12:19'),
(412, 30, 182, 'Kendari', '2022-04-20 01:12:19', '2022-04-20 01:12:19'),
(413, 30, 198, 'Kolaka', '2022-04-20 01:12:19', '2022-04-20 01:12:19'),
(414, 30, 199, 'Kolaka Utara', '2022-04-20 01:12:19', '2022-04-20 01:12:19'),
(415, 30, 200, 'Konawe', '2022-04-20 01:12:19', '2022-04-20 01:12:19'),
(416, 30, 201, 'Konawe Selatan', '2022-04-20 01:12:19', '2022-04-20 01:12:19'),
(417, 30, 202, 'Konawe Utara', '2022-04-20 01:12:19', '2022-04-20 01:12:19'),
(418, 30, 295, 'Muna', '2022-04-20 01:12:19', '2022-04-20 01:12:19'),
(419, 30, 494, 'Wakatobi', '2022-04-20 01:12:19', '2022-04-20 01:12:19'),
(420, 31, 73, 'Bitung', '2022-04-20 01:12:21', '2022-04-20 01:12:21'),
(421, 31, 81, 'Bolaang Mongondow (Bolmong)', '2022-04-20 01:12:21', '2022-04-20 01:12:21'),
(422, 31, 82, 'Bolaang Mongondow Selatan', '2022-04-20 01:12:21', '2022-04-20 01:12:21'),
(423, 31, 83, 'Bolaang Mongondow Timur', '2022-04-20 01:12:21', '2022-04-20 01:12:21'),
(424, 31, 84, 'Bolaang Mongondow Utara', '2022-04-20 01:12:21', '2022-04-20 01:12:21'),
(425, 31, 188, 'Kepulauan Sangihe', '2022-04-20 01:12:21', '2022-04-20 01:12:21'),
(426, 31, 190, 'Kepulauan Siau Tagulandang Biaro (Sitaro)', '2022-04-20 01:12:21', '2022-04-20 01:12:21'),
(427, 31, 192, 'Kepulauan Talaud', '2022-04-20 01:12:21', '2022-04-20 01:12:21'),
(428, 31, 204, 'Kotamobagu', '2022-04-20 01:12:21', '2022-04-20 01:12:21'),
(429, 31, 267, 'Manado', '2022-04-20 01:12:21', '2022-04-20 01:12:21'),
(430, 31, 285, 'Minahasa', '2022-04-20 01:12:21', '2022-04-20 01:12:21'),
(431, 31, 286, 'Minahasa Selatan', '2022-04-20 01:12:21', '2022-04-20 01:12:21'),
(432, 31, 287, 'Minahasa Tenggara', '2022-04-20 01:12:21', '2022-04-20 01:12:21'),
(433, 31, 288, 'Minahasa Utara', '2022-04-20 01:12:21', '2022-04-20 01:12:21'),
(434, 31, 485, 'Tomohon', '2022-04-20 01:12:21', '2022-04-20 01:12:21'),
(435, 32, 12, 'Agam', '2022-04-20 01:12:22', '2022-04-20 01:12:22'),
(436, 32, 93, 'Bukittinggi', '2022-04-20 01:12:22', '2022-04-20 01:12:22'),
(437, 32, 116, 'Dharmasraya', '2022-04-20 01:12:22', '2022-04-20 01:12:22'),
(438, 32, 186, 'Kepulauan Mentawai', '2022-04-20 01:12:22', '2022-04-20 01:12:22'),
(439, 32, 236, 'Lima Puluh Koto/Kota', '2022-04-20 01:12:22', '2022-04-20 01:12:22'),
(440, 32, 318, 'Padang', '2022-04-20 01:12:22', '2022-04-20 01:12:22'),
(441, 32, 321, 'Padang Panjang', '2022-04-20 01:12:22', '2022-04-20 01:12:22'),
(442, 32, 322, 'Padang Pariaman', '2022-04-20 01:12:22', '2022-04-20 01:12:22'),
(443, 32, 337, 'Pariaman', '2022-04-20 01:12:22', '2022-04-20 01:12:22'),
(444, 32, 339, 'Pasaman', '2022-04-20 01:12:22', '2022-04-20 01:12:22'),
(445, 32, 340, 'Pasaman Barat', '2022-04-20 01:12:22', '2022-04-20 01:12:22'),
(446, 32, 345, 'Payakumbuh', '2022-04-20 01:12:22', '2022-04-20 01:12:22'),
(447, 32, 357, 'Pesisir Selatan', '2022-04-20 01:12:22', '2022-04-20 01:12:22'),
(448, 32, 394, 'Sawah Lunto', '2022-04-20 01:12:22', '2022-04-20 01:12:22'),
(449, 32, 411, 'Sijunjung (Sawah Lunto Sijunjung)', '2022-04-20 01:12:22', '2022-04-20 01:12:22'),
(450, 32, 420, 'Solok', '2022-04-20 01:12:22', '2022-04-20 01:12:22'),
(451, 32, 421, 'Solok', '2022-04-20 01:12:22', '2022-04-20 01:12:22'),
(452, 32, 422, 'Solok Selatan', '2022-04-20 01:12:22', '2022-04-20 01:12:22'),
(453, 32, 453, 'Tanah Datar', '2022-04-20 01:12:22', '2022-04-20 01:12:22'),
(454, 33, 40, 'Banyuasin', '2022-04-20 01:12:23', '2022-04-20 01:12:23'),
(455, 33, 121, 'Empat Lawang', '2022-04-20 01:12:23', '2022-04-20 01:12:23'),
(456, 33, 220, 'Lahat', '2022-04-20 01:12:23', '2022-04-20 01:12:23'),
(457, 33, 242, 'Lubuk Linggau', '2022-04-20 01:12:23', '2022-04-20 01:12:23'),
(458, 33, 292, 'Muara Enim', '2022-04-20 01:12:23', '2022-04-20 01:12:23'),
(459, 33, 297, 'Musi Banyuasin', '2022-04-20 01:12:23', '2022-04-20 01:12:23'),
(460, 33, 298, 'Musi Rawas', '2022-04-20 01:12:23', '2022-04-20 01:12:23'),
(461, 33, 312, 'Ogan Ilir', '2022-04-20 01:12:23', '2022-04-20 01:12:23'),
(462, 33, 313, 'Ogan Komering Ilir', '2022-04-20 01:12:23', '2022-04-20 01:12:23'),
(463, 33, 314, 'Ogan Komering Ulu', '2022-04-20 01:12:23', '2022-04-20 01:12:23'),
(464, 33, 315, 'Ogan Komering Ulu Selatan', '2022-04-20 01:12:23', '2022-04-20 01:12:23'),
(465, 33, 316, 'Ogan Komering Ulu Timur', '2022-04-20 01:12:23', '2022-04-20 01:12:23'),
(466, 33, 324, 'Pagar Alam', '2022-04-20 01:12:23', '2022-04-20 01:12:23'),
(467, 33, 327, 'Palembang', '2022-04-20 01:12:23', '2022-04-20 01:12:23'),
(468, 33, 367, 'Prabumulih', '2022-04-20 01:12:23', '2022-04-20 01:12:23'),
(469, 34, 15, 'Asahan', '2022-04-20 01:12:25', '2022-04-20 01:12:25'),
(470, 34, 52, 'Batu Bara', '2022-04-20 01:12:25', '2022-04-20 01:12:25'),
(471, 34, 70, 'Binjai', '2022-04-20 01:12:25', '2022-04-20 01:12:25'),
(472, 34, 110, 'Dairi', '2022-04-20 01:12:25', '2022-04-20 01:12:25'),
(473, 34, 112, 'Deli Serdang', '2022-04-20 01:12:25', '2022-04-20 01:12:25'),
(474, 34, 137, 'Gunungsitoli', '2022-04-20 01:12:25', '2022-04-20 01:12:25'),
(475, 34, 146, 'Humbang Hasundutan', '2022-04-20 01:12:25', '2022-04-20 01:12:25'),
(476, 34, 173, 'Karo', '2022-04-20 01:12:25', '2022-04-20 01:12:25'),
(477, 34, 217, 'Labuhan Batu', '2022-04-20 01:12:25', '2022-04-20 01:12:25'),
(478, 34, 218, 'Labuhan Batu Selatan', '2022-04-20 01:12:25', '2022-04-20 01:12:25'),
(479, 34, 219, 'Labuhan Batu Utara', '2022-04-20 01:12:25', '2022-04-20 01:12:25'),
(480, 34, 229, 'Langkat', '2022-04-20 01:12:25', '2022-04-20 01:12:25'),
(481, 34, 268, 'Mandailing Natal', '2022-04-20 01:12:25', '2022-04-20 01:12:25'),
(482, 34, 278, 'Medan', '2022-04-20 01:12:25', '2022-04-20 01:12:25'),
(483, 34, 307, 'Nias', '2022-04-20 01:12:25', '2022-04-20 01:12:25'),
(484, 34, 308, 'Nias Barat', '2022-04-20 01:12:25', '2022-04-20 01:12:25'),
(485, 34, 309, 'Nias Selatan', '2022-04-20 01:12:25', '2022-04-20 01:12:25'),
(486, 34, 310, 'Nias Utara', '2022-04-20 01:12:25', '2022-04-20 01:12:25'),
(487, 34, 319, 'Padang Lawas', '2022-04-20 01:12:25', '2022-04-20 01:12:25'),
(488, 34, 320, 'Padang Lawas Utara', '2022-04-20 01:12:25', '2022-04-20 01:12:25'),
(489, 34, 323, 'Padang Sidempuan', '2022-04-20 01:12:25', '2022-04-20 01:12:25'),
(490, 34, 325, 'Pakpak Bharat', '2022-04-20 01:12:25', '2022-04-20 01:12:25'),
(491, 34, 353, 'Pematang Siantar', '2022-04-20 01:12:25', '2022-04-20 01:12:25'),
(492, 34, 389, 'Samosir', '2022-04-20 01:12:25', '2022-04-20 01:12:25'),
(493, 34, 404, 'Serdang Bedagai', '2022-04-20 01:12:25', '2022-04-20 01:12:25'),
(494, 34, 407, 'Sibolga', '2022-04-20 01:12:25', '2022-04-20 01:12:25'),
(495, 34, 413, 'Simalungun', '2022-04-20 01:12:25', '2022-04-20 01:12:25'),
(496, 34, 459, 'Tanjung Balai', '2022-04-20 01:12:25', '2022-04-20 01:12:25'),
(497, 34, 463, 'Tapanuli Selatan', '2022-04-20 01:12:25', '2022-04-20 01:12:25'),
(498, 34, 464, 'Tapanuli Tengah', '2022-04-20 01:12:25', '2022-04-20 01:12:25'),
(499, 34, 465, 'Tapanuli Utara', '2022-04-20 01:12:25', '2022-04-20 01:12:25'),
(500, 34, 470, 'Tebing Tinggi', '2022-04-20 01:12:25', '2022-04-20 01:12:25'),
(501, 34, 481, 'Toba Samosir', '2022-04-20 01:12:25', '2022-04-20 01:12:25');

-- --------------------------------------------------------

--
-- Table structure for table `failed_jobs`
--

CREATE TABLE `failed_jobs` (
  `id` bigint UNSIGNED NOT NULL,
  `uuid` varchar(255) COLLATE utf8mb4_unicode_ci NOT NULL,
  `connection` text COLLATE utf8mb4_unicode_ci NOT NULL,
  `queue` text COLLATE utf8mb4_unicode_ci NOT NULL,
  `payload` longtext COLLATE utf8mb4_unicode_ci NOT NULL,
  `exception` longtext COLLATE utf8mb4_unicode_ci NOT NULL,
  `failed_at` timestamp NOT NULL DEFAULT CURRENT_TIMESTAMP
) ENGINE=InnoDB DEFAULT CHARSET=utf8mb4 COLLATE=utf8mb4_unicode_ci;

-- --------------------------------------------------------

--
-- Table structure for table `migrations`
--

CREATE TABLE `migrations` (
  `id` int UNSIGNED NOT NULL,
  `migration` varchar(255) COLLATE utf8mb4_unicode_ci NOT NULL,
  `batch` int NOT NULL
) ENGINE=InnoDB DEFAULT CHARSET=utf8mb4 COLLATE=utf8mb4_unicode_ci;

--
-- Dumping data for table `migrations`
--

INSERT INTO `migrations` (`id`, `migration`, `batch`) VALUES
(1, '2014_10_12_000000_create_users_table', 1),
(2, '2014_10_12_100000_create_password_resets_table', 1),
(3, '2019_08_19_000000_create_failed_jobs_table', 1),
(4, '2019_12_14_000001_create_personal_access_tokens_table', 1),
(5, '2022_04_08_092858_laratrust_setup_tables', 1),
(6, '2022_04_09_055930_create_products_table', 1),
(7, '2022_04_12_083115_create_transactions_table', 1),
(8, '2022_04_12_184641_create_provinces_table', 1),
(9, '2022_04_12_184834_create_cities_table', 1),
(11, '2022_04_18_084553_create_alamats_table', 1),
(12, '2022_04_13_082457_create_carts_table', 2);

-- --------------------------------------------------------

--
-- Table structure for table `password_resets`
--

CREATE TABLE `password_resets` (
  `email` varchar(255) COLLATE utf8mb4_unicode_ci NOT NULL,
  `token` varchar(255) COLLATE utf8mb4_unicode_ci NOT NULL,
  `created_at` timestamp NULL DEFAULT NULL
) ENGINE=InnoDB DEFAULT CHARSET=utf8mb4 COLLATE=utf8mb4_unicode_ci;

-- --------------------------------------------------------

--
-- Table structure for table `permissions`
--

CREATE TABLE `permissions` (
  `id` bigint UNSIGNED NOT NULL,
  `name` varchar(255) COLLATE utf8mb4_unicode_ci NOT NULL,
  `display_name` varchar(255) COLLATE utf8mb4_unicode_ci DEFAULT NULL,
  `description` varchar(255) COLLATE utf8mb4_unicode_ci DEFAULT NULL,
  `created_at` timestamp NULL DEFAULT NULL,
  `updated_at` timestamp NULL DEFAULT NULL
) ENGINE=InnoDB DEFAULT CHARSET=utf8mb4 COLLATE=utf8mb4_unicode_ci;

--
-- Dumping data for table `permissions`
--

INSERT INTO `permissions` (`id`, `name`, `display_name`, `description`, `created_at`, `updated_at`) VALUES
(1, 'users-create', 'Create Users', 'Create Users', '2022-04-20 01:11:39', '2022-04-20 01:11:39'),
(2, 'users-read', 'Read Users', 'Read Users', '2022-04-20 01:11:39', '2022-04-20 01:11:39'),
(3, 'users-update', 'Update Users', 'Update Users', '2022-04-20 01:11:39', '2022-04-20 01:11:39'),
(4, 'users-delete', 'Delete Users', 'Delete Users', '2022-04-20 01:11:39', '2022-04-20 01:11:39'),
(5, 'payments-create', 'Create Payments', 'Create Payments', '2022-04-20 01:11:39', '2022-04-20 01:11:39'),
(6, 'payments-read', 'Read Payments', 'Read Payments', '2022-04-20 01:11:39', '2022-04-20 01:11:39'),
(7, 'payments-update', 'Update Payments', 'Update Payments', '2022-04-20 01:11:39', '2022-04-20 01:11:39'),
(8, 'payments-delete', 'Delete Payments', 'Delete Payments', '2022-04-20 01:11:39', '2022-04-20 01:11:39'),
(9, 'profile-read', 'Read Profile', 'Read Profile', '2022-04-20 01:11:39', '2022-04-20 01:11:39'),
(10, 'profile-update', 'Update Profile', 'Update Profile', '2022-04-20 01:11:39', '2022-04-20 01:11:39');

-- --------------------------------------------------------

--
-- Table structure for table `permission_role`
--

CREATE TABLE `permission_role` (
  `permission_id` bigint UNSIGNED NOT NULL,
  `role_id` bigint UNSIGNED NOT NULL
) ENGINE=InnoDB DEFAULT CHARSET=utf8mb4 COLLATE=utf8mb4_unicode_ci;

--
-- Dumping data for table `permission_role`
--

INSERT INTO `permission_role` (`permission_id`, `role_id`) VALUES
(1, 1),
(2, 1),
(3, 1),
(4, 1),
(5, 1),
(6, 1),
(7, 1),
(8, 1),
(9, 1),
(10, 1),
(1, 2),
(2, 2),
(3, 2),
(4, 2),
(5, 2),
(6, 2),
(7, 2),
(8, 2),
(9, 2),
(10, 2);

-- --------------------------------------------------------

--
-- Table structure for table `permission_user`
--

CREATE TABLE `permission_user` (
  `permission_id` bigint UNSIGNED NOT NULL,
  `user_id` bigint UNSIGNED NOT NULL,
  `user_type` varchar(255) COLLATE utf8mb4_unicode_ci NOT NULL
) ENGINE=InnoDB DEFAULT CHARSET=utf8mb4 COLLATE=utf8mb4_unicode_ci;

-- --------------------------------------------------------

--
-- Table structure for table `personal_access_tokens`
--

CREATE TABLE `personal_access_tokens` (
  `id` bigint UNSIGNED NOT NULL,
  `tokenable_type` varchar(255) COLLATE utf8mb4_unicode_ci NOT NULL,
  `tokenable_id` bigint UNSIGNED NOT NULL,
  `name` varchar(255) COLLATE utf8mb4_unicode_ci NOT NULL,
  `token` varchar(64) COLLATE utf8mb4_unicode_ci NOT NULL,
  `abilities` text COLLATE utf8mb4_unicode_ci,
  `last_used_at` timestamp NULL DEFAULT NULL,
  `created_at` timestamp NULL DEFAULT NULL,
  `updated_at` timestamp NULL DEFAULT NULL
) ENGINE=InnoDB DEFAULT CHARSET=utf8mb4 COLLATE=utf8mb4_unicode_ci;

-- --------------------------------------------------------

--
-- Table structure for table `products`
--

CREATE TABLE `products` (
  `id_product` bigint UNSIGNED NOT NULL,
  `images` longblob,
  `title` varchar(100) COLLATE utf8mb4_unicode_ci NOT NULL,
  `price` double NOT NULL,
  `desc` longtext COLLATE utf8mb4_unicode_ci NOT NULL,
  `weight` double NOT NULL,
  `stock` int NOT NULL,
  `size` varchar(255) COLLATE utf8mb4_unicode_ci NOT NULL,
  `created_at` timestamp NULL DEFAULT NULL,
  `updated_at` timestamp NULL DEFAULT NULL
) ENGINE=InnoDB DEFAULT CHARSET=utf8mb4 COLLATE=utf8mb4_unicode_ci;

--
-- Dumping data for table `products`
--

INSERT INTO `products` (`id_product`, `images`, `title`, `price`, `desc`, `weight`, `stock`, `size`, `created_at`, `updated_at`) VALUES
(51, 0x5b22313635303437343830383736202d20646f776e6c6f6164202833292e6a7067222c22313635303437343830383833202d20646f776e6c6f6164202832292e6a7067225d, 'Baju Muslim', 2323232, 'xxvdsgssdg', 224, 242, '[[\"S\",\"M\",\"L\"]]', '2022-04-20 10:13:28', '2022-04-20 10:13:28'),
(53, 0x5b22313635303438353138393931202d20363730363230323030385f5461736b20372e312e4a5047222c22313635303438353138393133202d20646f776e6c6f61642e6a7067225d, 'Baju Muslim', 342432, 'ewfsdfsdf', 34, 34, '[[\"34\"]]', '2022-04-20 13:06:29', '2022-04-20 13:06:29');

-- --------------------------------------------------------

--
-- Table structure for table `provinces`
--

CREATE TABLE `provinces` (
  `id` bigint UNSIGNED NOT NULL,
  `province_id` int UNSIGNED NOT NULL,
  `name` varchar(255) COLLATE utf8mb4_unicode_ci NOT NULL,
  `created_at` timestamp NULL DEFAULT NULL,
  `updated_at` timestamp NULL DEFAULT NULL
) ENGINE=InnoDB DEFAULT CHARSET=utf8mb4 COLLATE=utf8mb4_unicode_ci;

--
-- Dumping data for table `provinces`
--

INSERT INTO `provinces` (`id`, `province_id`, `name`, `created_at`, `updated_at`) VALUES
(1, 1, 'Bali', '2022-04-20 01:11:41', '2022-04-20 01:11:41'),
(2, 2, 'Bangka Belitung', '2022-04-20 01:11:42', '2022-04-20 01:11:42'),
(3, 3, 'Banten', '2022-04-20 01:11:43', '2022-04-20 01:11:43'),
(4, 4, 'Bengkulu', '2022-04-20 01:11:44', '2022-04-20 01:11:44'),
(5, 5, 'DI Yogyakarta', '2022-04-20 01:11:45', '2022-04-20 01:11:45'),
(6, 6, 'DKI Jakarta', '2022-04-20 01:11:47', '2022-04-20 01:11:47'),
(7, 7, 'Gorontalo', '2022-04-20 01:11:48', '2022-04-20 01:11:48'),
(8, 8, 'Jambi', '2022-04-20 01:11:50', '2022-04-20 01:11:50'),
(9, 9, 'Jawa Barat', '2022-04-20 01:11:51', '2022-04-20 01:11:51'),
(10, 10, 'Jawa Tengah', '2022-04-20 01:11:52', '2022-04-20 01:11:52'),
(11, 11, 'Jawa Timur', '2022-04-20 01:11:54', '2022-04-20 01:11:54'),
(12, 12, 'Kalimantan Barat', '2022-04-20 01:11:55', '2022-04-20 01:11:55'),
(13, 13, 'Kalimantan Selatan', '2022-04-20 01:11:56', '2022-04-20 01:11:56'),
(14, 14, 'Kalimantan Tengah', '2022-04-20 01:11:58', '2022-04-20 01:11:58'),
(15, 15, 'Kalimantan Timur', '2022-04-20 01:11:59', '2022-04-20 01:11:59'),
(16, 16, 'Kalimantan Utara', '2022-04-20 01:12:00', '2022-04-20 01:12:00'),
(17, 17, 'Kepulauan Riau', '2022-04-20 01:12:01', '2022-04-20 01:12:01'),
(18, 18, 'Lampung', '2022-04-20 01:12:02', '2022-04-20 01:12:02'),
(19, 19, 'Maluku', '2022-04-20 01:12:04', '2022-04-20 01:12:04'),
(20, 20, 'Maluku Utara', '2022-04-20 01:12:05', '2022-04-20 01:12:05'),
(21, 21, 'Nanggroe Aceh Darussalam (NAD)', '2022-04-20 01:12:06', '2022-04-20 01:12:06'),
(22, 22, 'Nusa Tenggara Barat (NTB)', '2022-04-20 01:12:07', '2022-04-20 01:12:07'),
(23, 23, 'Nusa Tenggara Timur (NTT)', '2022-04-20 01:12:08', '2022-04-20 01:12:08'),
(24, 24, 'Papua', '2022-04-20 01:12:10', '2022-04-20 01:12:10'),
(25, 25, 'Papua Barat', '2022-04-20 01:12:11', '2022-04-20 01:12:11'),
(26, 26, 'Riau', '2022-04-20 01:12:13', '2022-04-20 01:12:13'),
(27, 27, 'Sulawesi Barat', '2022-04-20 01:12:14', '2022-04-20 01:12:14'),
(28, 28, 'Sulawesi Selatan', '2022-04-20 01:12:15', '2022-04-20 01:12:15'),
(29, 29, 'Sulawesi Tengah', '2022-04-20 01:12:16', '2022-04-20 01:12:16'),
(30, 30, 'Sulawesi Tenggara', '2022-04-20 01:12:18', '2022-04-20 01:12:18'),
(31, 31, 'Sulawesi Utara', '2022-04-20 01:12:19', '2022-04-20 01:12:19'),
(32, 32, 'Sumatera Barat', '2022-04-20 01:12:21', '2022-04-20 01:12:21'),
(33, 33, 'Sumatera Selatan', '2022-04-20 01:12:22', '2022-04-20 01:12:22'),
(34, 34, 'Sumatera Utara', '2022-04-20 01:12:23', '2022-04-20 01:12:23');

-- --------------------------------------------------------

--
-- Table structure for table `roles`
--

CREATE TABLE `roles` (
  `id` bigint UNSIGNED NOT NULL,
  `name` varchar(255) COLLATE utf8mb4_unicode_ci NOT NULL,
  `display_name` varchar(255) COLLATE utf8mb4_unicode_ci DEFAULT NULL,
  `description` varchar(255) COLLATE utf8mb4_unicode_ci DEFAULT NULL,
  `created_at` timestamp NULL DEFAULT NULL,
  `updated_at` timestamp NULL DEFAULT NULL
) ENGINE=InnoDB DEFAULT CHARSET=utf8mb4 COLLATE=utf8mb4_unicode_ci;

--
-- Dumping data for table `roles`
--

INSERT INTO `roles` (`id`, `name`, `display_name`, `description`, `created_at`, `updated_at`) VALUES
(1, 'admin', 'Admin', 'Admin', '2022-04-20 01:11:39', '2022-04-20 01:11:39'),
(2, 'buyer', 'Buyer', 'Buyer', '2022-04-20 01:11:39', '2022-04-20 01:11:39');

-- --------------------------------------------------------

--
-- Table structure for table `role_user`
--

CREATE TABLE `role_user` (
  `role_id` bigint UNSIGNED NOT NULL,
  `user_id` bigint UNSIGNED NOT NULL,
  `user_type` varchar(255) COLLATE utf8mb4_unicode_ci NOT NULL
) ENGINE=InnoDB DEFAULT CHARSET=utf8mb4 COLLATE=utf8mb4_unicode_ci;

--
-- Dumping data for table `role_user`
--

INSERT INTO `role_user` (`role_id`, `user_id`, `user_type`) VALUES
(1, 1, 'App\\Models\\User'),
(2, 2, 'App\\Models\\User'),
(2, 3, 'App\\Models\\User'),
(2, 4, 'App\\Models\\User');

-- --------------------------------------------------------

--
-- Table structure for table `transactions`
--

CREATE TABLE `transactions` (
  `id_transaction` varchar(255) COLLATE utf8mb4_unicode_ci NOT NULL,
  `id_buyer` bigint UNSIGNED NOT NULL,
  `id_product` bigint UNSIGNED NOT NULL,
  `date_transaction` timestamp NOT NULL,
  `created_at` timestamp NULL DEFAULT NULL,
  `updated_at` timestamp NULL DEFAULT NULL
) ENGINE=InnoDB DEFAULT CHARSET=utf8mb4 COLLATE=utf8mb4_unicode_ci;

-- --------------------------------------------------------

--
-- Table structure for table `users`
--

CREATE TABLE `users` (
  `id` bigint UNSIGNED NOT NULL,
  `name` varchar(255) COLLATE utf8mb4_unicode_ci NOT NULL,
  `email` varchar(255) COLLATE utf8mb4_unicode_ci NOT NULL,
  `email_verified_at` timestamp NULL DEFAULT NULL,
  `password` varchar(255) COLLATE utf8mb4_unicode_ci NOT NULL,
  `username` varchar(255) COLLATE utf8mb4_unicode_ci DEFAULT NULL,
  `phone_number` varchar(255) COLLATE utf8mb4_unicode_ci DEFAULT NULL,
  `remember_token` varchar(100) COLLATE utf8mb4_unicode_ci DEFAULT NULL,
  `created_at` timestamp NULL DEFAULT NULL,
  `updated_at` timestamp NULL DEFAULT NULL
) ENGINE=InnoDB DEFAULT CHARSET=utf8mb4 COLLATE=utf8mb4_unicode_ci;

--
-- Dumping data for table `users`
--

INSERT INTO `users` (`id`, `name`, `email`, `email_verified_at`, `password`, `username`, `phone_number`, `remember_token`, `created_at`, `updated_at`) VALUES
(1, 'Admin', 'admin@admin.com', NULL, '$2y$10$wZrHxdct475SGcCUzPTF.uEbyo5QwEQJFRAiDAdLM4JBXUqoIjN8i', NULL, NULL, NULL, '2022-04-20 01:13:07', '2022-04-20 01:13:07'),
(2, 'Muhammad Idris', 'idris3097@gmail.com', NULL, '$2y$10$yn3HzPXRDV2s3Y7KseoNSuLlM7MlXuVMldeYyfI/BY.K6LM3q31DW', NULL, NULL, NULL, '2022-04-20 01:13:30', '2022-04-20 01:13:30'),
(3, 'Muhammad Idris', 'jaja@jaja.com', NULL, '$2y$10$XKIQI0bO1vfXp62ni2xih.Pb8y/bRuSr7L5zt5RjVJAAJ413D.4AS', NULL, NULL, NULL, '2022-04-20 21:55:00', '2022-04-20 21:55:00'),
(4, 'Baju Muslimm', 'sheltergarut@gmail.com', NULL, '$2y$10$DVMU0kBqxixriXRE0OEhlO1ION6NtwSYLXvIjJYX75lq08cmO0vdO', NULL, NULL, NULL, '2022-04-20 22:14:15', '2022-04-20 22:14:15');

--
-- Indexes for dumped tables
--

--
-- Indexes for table `alamats`
--
ALTER TABLE `alamats`
  ADD PRIMARY KEY (`id`),
  ADD KEY `alamats_id_user_foreign` (`id_user`);

--
-- Indexes for table `carts`
--
ALTER TABLE `carts`
  ADD PRIMARY KEY (`id`),
  ADD KEY `carts_id_user_foreign` (`id_user`),
  ADD KEY `carts_id_product_foreign` (`id_product`);

--
-- Indexes for table `cities`
--
ALTER TABLE `cities`
  ADD PRIMARY KEY (`id`);

--
-- Indexes for table `failed_jobs`
--
ALTER TABLE `failed_jobs`
  ADD PRIMARY KEY (`id`),
  ADD UNIQUE KEY `failed_jobs_uuid_unique` (`uuid`);

--
-- Indexes for table `migrations`
--
ALTER TABLE `migrations`
  ADD PRIMARY KEY (`id`);

--
-- Indexes for table `password_resets`
--
ALTER TABLE `password_resets`
  ADD KEY `password_resets_email_index` (`email`);

--
-- Indexes for table `permissions`
--
ALTER TABLE `permissions`
  ADD PRIMARY KEY (`id`),
  ADD UNIQUE KEY `permissions_name_unique` (`name`);

--
-- Indexes for table `permission_role`
--
ALTER TABLE `permission_role`
  ADD PRIMARY KEY (`permission_id`,`role_id`),
  ADD KEY `permission_role_role_id_foreign` (`role_id`);

--
-- Indexes for table `permission_user`
--
ALTER TABLE `permission_user`
  ADD PRIMARY KEY (`user_id`,`permission_id`,`user_type`),
  ADD KEY `permission_user_permission_id_foreign` (`permission_id`);

--
-- Indexes for table `personal_access_tokens`
--
ALTER TABLE `personal_access_tokens`
  ADD PRIMARY KEY (`id`),
  ADD UNIQUE KEY `personal_access_tokens_token_unique` (`token`),
  ADD KEY `personal_access_tokens_tokenable_type_tokenable_id_index` (`tokenable_type`,`tokenable_id`);

--
-- Indexes for table `products`
--
ALTER TABLE `products`
  ADD PRIMARY KEY (`id_product`);

--
-- Indexes for table `provinces`
--
ALTER TABLE `provinces`
  ADD PRIMARY KEY (`id`);

--
-- Indexes for table `roles`
--
ALTER TABLE `roles`
  ADD PRIMARY KEY (`id`),
  ADD UNIQUE KEY `roles_name_unique` (`name`);

--
-- Indexes for table `role_user`
--
ALTER TABLE `role_user`
  ADD PRIMARY KEY (`user_id`,`role_id`,`user_type`),
  ADD KEY `role_user_role_id_foreign` (`role_id`);

--
-- Indexes for table `transactions`
--
ALTER TABLE `transactions`
  ADD PRIMARY KEY (`id_transaction`),
  ADD KEY `transactions_id_buyer_foreign` (`id_buyer`),
  ADD KEY `transactions_id_product_foreign` (`id_product`);

--
-- Indexes for table `users`
--
ALTER TABLE `users`
  ADD PRIMARY KEY (`id`),
  ADD UNIQUE KEY `users_email_unique` (`email`);

--
-- AUTO_INCREMENT for dumped tables
--

--
-- AUTO_INCREMENT for table `alamats`
--
ALTER TABLE `alamats`
  MODIFY `id` bigint UNSIGNED NOT NULL AUTO_INCREMENT;

--
-- AUTO_INCREMENT for table `carts`
--
ALTER TABLE `carts`
  MODIFY `id` int UNSIGNED NOT NULL AUTO_INCREMENT, AUTO_INCREMENT=4;

--
-- AUTO_INCREMENT for table `cities`
--
ALTER TABLE `cities`
  MODIFY `id` bigint UNSIGNED NOT NULL AUTO_INCREMENT, AUTO_INCREMENT=502;

--
-- AUTO_INCREMENT for table `failed_jobs`
--
ALTER TABLE `failed_jobs`
  MODIFY `id` bigint UNSIGNED NOT NULL AUTO_INCREMENT;

--
-- AUTO_INCREMENT for table `migrations`
--
ALTER TABLE `migrations`
  MODIFY `id` int UNSIGNED NOT NULL AUTO_INCREMENT, AUTO_INCREMENT=13;

--
-- AUTO_INCREMENT for table `permissions`
--
ALTER TABLE `permissions`
  MODIFY `id` bigint UNSIGNED NOT NULL AUTO_INCREMENT, AUTO_INCREMENT=11;

--
-- AUTO_INCREMENT for table `personal_access_tokens`
--
ALTER TABLE `personal_access_tokens`
  MODIFY `id` bigint UNSIGNED NOT NULL AUTO_INCREMENT;

--
-- AUTO_INCREMENT for table `products`
--
ALTER TABLE `products`
  MODIFY `id_product` bigint UNSIGNED NOT NULL AUTO_INCREMENT, AUTO_INCREMENT=54;

--
-- AUTO_INCREMENT for table `provinces`
--
ALTER TABLE `provinces`
  MODIFY `id` bigint UNSIGNED NOT NULL AUTO_INCREMENT, AUTO_INCREMENT=35;

--
-- AUTO_INCREMENT for table `roles`
--
ALTER TABLE `roles`
  MODIFY `id` bigint UNSIGNED NOT NULL AUTO_INCREMENT, AUTO_INCREMENT=3;

--
-- AUTO_INCREMENT for table `users`
--
ALTER TABLE `users`
  MODIFY `id` bigint UNSIGNED NOT NULL AUTO_INCREMENT, AUTO_INCREMENT=5;

--
-- Constraints for dumped tables
--

--
-- Constraints for table `alamats`
--
ALTER TABLE `alamats`
  ADD CONSTRAINT `alamats_id_user_foreign` FOREIGN KEY (`id_user`) REFERENCES `users` (`id`);

--
-- Constraints for table `carts`
--
ALTER TABLE `carts`
  ADD CONSTRAINT `carts_id_product_foreign` FOREIGN KEY (`id_product`) REFERENCES `products` (`id_product`),
  ADD CONSTRAINT `carts_id_user_foreign` FOREIGN KEY (`id_user`) REFERENCES `users` (`id`);

--
-- Constraints for table `permission_role`
--
ALTER TABLE `permission_role`
  ADD CONSTRAINT `permission_role_permission_id_foreign` FOREIGN KEY (`permission_id`) REFERENCES `permissions` (`id`) ON DELETE CASCADE ON UPDATE CASCADE,
  ADD CONSTRAINT `permission_role_role_id_foreign` FOREIGN KEY (`role_id`) REFERENCES `roles` (`id`) ON DELETE CASCADE ON UPDATE CASCADE;

--
-- Constraints for table `permission_user`
--
ALTER TABLE `permission_user`
  ADD CONSTRAINT `permission_user_permission_id_foreign` FOREIGN KEY (`permission_id`) REFERENCES `permissions` (`id`) ON DELETE CASCADE ON UPDATE CASCADE;

--
-- Constraints for table `role_user`
--
ALTER TABLE `role_user`
  ADD CONSTRAINT `role_user_role_id_foreign` FOREIGN KEY (`role_id`) REFERENCES `roles` (`id`) ON DELETE CASCADE ON UPDATE CASCADE;

--
-- Constraints for table `transactions`
--
ALTER TABLE `transactions`
  ADD CONSTRAINT `transactions_id_buyer_foreign` FOREIGN KEY (`id_buyer`) REFERENCES `users` (`id`),
  ADD CONSTRAINT `transactions_id_product_foreign` FOREIGN KEY (`id_product`) REFERENCES `products` (`id_product`);
COMMIT;

/*!40101 SET CHARACTER_SET_CLIENT=@OLD_CHARACTER_SET_CLIENT */;
/*!40101 SET CHARACTER_SET_RESULTS=@OLD_CHARACTER_SET_RESULTS */;
/*!40101 SET COLLATION_CONNECTION=@OLD_COLLATION_CONNECTION */;
